{
  "generated": "2026-05-02T22:40:25.895730",
  "n_experiments": 18,
  "n_visualizations": 8,
  "metrics_by_file": {
    "context_sensitivity_results.json": {
      "n_items": 42,
      "avg_fidelity_values": [
        -0.0618341574099335,
        -0.11166826740156673,
        -0.03672814089582992,
        -0.032192773436188496,
        -0.039262896965496764,
        -0.020699296040442718,
        -0.04423120531791502,
        -0.08775375202784308,
        -0.03842821988851377,
        -0.021839644499676902,
        -0.010297231057187429,
        -0.0639510951928983,
        -0.018864077667973843,
        0.02960600630517194,
        0.07242447905952257,
        -0.07284044299511443,
        -0.017776627945843337,
        0.03105964168014903,
        -0.005486450258704312,
        -0.06719132862100514,
        -0.16985345875190117,
        0.04021899553047905,
        0.01189219490283322,
        0.0584713647444524,
        0.028821868699898355,
        -0.10661959014087725,
        0.06276739126095447,
        0.05081639716683799,
        0.049807179826214056,
        -0.0001508483985907194,
        -0.024762807066009796,
        -0.03519786253448141,
        -0.030716182818091565,
        -0.10688780774780866,
        -0.04670047510358875,
        -0.1133679852200804,
        0.0508810237169953,
        0.13900908511774754,
        0.02444855949626119,
        6.916121694013899e-05,
        0.1846181168086451,
        -0.0028803174997919846
      ]
    },
    "drift_predictor_validation.json": {
      "n_items": 9
    },
    "drift_results.json": {
      "divergence_index": 1.1605,
      "n_chains": 3
    },
    "emergence_conversation_drift.json": {
      "fidelity": 0.1293,
      "total_drift": 6.8626,
      "convergence_pressure": -0.0689,
      "n_steps": 10
    },
    "llm_drift_results.json": {
      "fidelity": 0.8303,
      "accumulated_drift": 0.4119,
      "n_steps": 6,
      "n_similarities": 6,
      "n_rated_texts": 6
    },
    "routing_order_results.json": {
      "n_items": 6,
      "avg_fidelity_values": [
        0.09073453404803009,
        0.0874084341487061,
        -0.029371344913181385,
        -0.05497113376742842,
        -0.07837577658716373,
        -0.1090372644504766
      ]
    },
    "text_drift_results.json": {
      "fidelity": 0.0071,
      "total_drift": 5.4709,
      "convergence_pressure": -0.202,
      "n_steps": 8
    }
  },
  "fidelity_range": [
    0.0071,
    0.8303
  ],
  "drift_range": [
    0.4119,
    6.8626
  ]
}