{
  "single_hop": {
    "GLM-5.1": {
      "avg_drift": 0.993740074699798,
      "avg_fidelity": 0.006259925300201774
    },
    "DeepSeek-V4": {
      "avg_drift": 1.0186639366730899,
      "avg_fidelity": -0.018663936673089875
    },
    "Qwen-3.5": {
      "avg_drift": 1.063222245361912,
      "avg_fidelity": -0.0632222453619119
    },
    "Llama-4": {
      "avg_drift": 0.9004870776673031,
      "avg_fidelity": 0.0995129223326969
    },
    "Kimi-K2": {
      "avg_drift": 0.9731733541795574,
      "avg_fidelity": 0.02682664582044251
    },
    "Nemotron": {
      "avg_drift": 0.9875584372299648,
      "avg_fidelity": 0.012441562770035042
    }
  },
  "pairwise": {
    "GLM-5.1->DeepSeek-V4": 0.6958703323769576,
    "GLM-5.1->Qwen-3.5": 0.7154732222623068,
    "GLM-5.1->Llama-4": 0.6655762462141035,
    "GLM-5.1->Kimi-K2": 0.6812562989978516,
    "GLM-5.1->Nemotron": 0.6899461252639024,
    "DeepSeek-V4->GLM-5.1": 0.799939749167416,
    "DeepSeek-V4->Qwen-3.5": 0.7589796492689673,
    "DeepSeek-V4->Llama-4": 0.7747766239025478,
    "DeepSeek-V4->Kimi-K2": 0.665103550408886,
    "DeepSeek-V4->Nemotron": 0.7430079571224572,
    "Qwen-3.5->GLM-5.1": 0.8462952567609999,
    "Qwen-3.5->DeepSeek-V4": 0.7983245420317571,
    "Qwen-3.5->Llama-4": 0.7627809306908719,
    "Qwen-3.5->Kimi-K2": 0.6258790213481743,
    "Qwen-3.5->Nemotron": 0.6878887375586821,
    "Llama-4->GLM-5.1": 0.738532098985293,
    "Llama-4->DeepSeek-V4": 0.7770628036540004,
    "Llama-4->Qwen-3.5": 0.8087051259510876,
    "Llama-4->Kimi-K2": 0.7365796195930703,
    "Llama-4->Nemotron": 0.6518673081670292,
    "Kimi-K2->GLM-5.1": 0.7123112040244833,
    "Kimi-K2->DeepSeek-V4": 0.8182048358756692,
    "Kimi-K2->Qwen-3.5": 0.7837778418578237,
    "Kimi-K2->Llama-4": 0.8403099693034066,
    "Kimi-K2->Nemotron": 0.733621527929259,
    "Nemotron->GLM-5.1": 0.7321756326589116,
    "Nemotron->DeepSeek-V4": 0.8156169434148367,
    "Nemotron->Qwen-3.5": 0.7705091991863299,
    "Nemotron->Llama-4": 0.746434902548408,
    "Nemotron->Kimi-K2": 0.6993572419631868
  },
  "receiver_drift": {
    "GLM-5.1": 0.7658507883194208,
    "DeepSeek-V4": 0.7810158914706442,
    "Qwen-3.5": 0.767489007705303,
    "Llama-4": 0.7579757345318676,
    "Kimi-K2": 0.6816351464622337,
    "Nemotron": 0.701266331208266
  },
  "sender_drift": {
    "GLM-5.1": 0.6896244450230243,
    "DeepSeek-V4": 0.7483615059740549,
    "Qwen-3.5": 0.7442336976780971,
    "Llama-4": 0.742549391270096,
    "Kimi-K2": 0.7776450757981284,
    "Nemotron": 0.7528187839543347
  }
}