{
  "quantum_physics": {
    "ratings": [
      [
        3,
        5,
        5,
        5,
        5,
        5,
        5,
        5,
        1,
        3
      ],
      [
        4,
        5,
        5,
        5,
        3,
        5,
        5,
        5,
        1,
        5
      ],
      [
        3,
        5,
        5,
        5,
        5,
        5,
        5,
        5,
        1,
        3
      ]
    ],
    "means": [
      3.3333333333333335,
      5.0,
      5.0,
      5.0,
      4.333333333333333,
      5.0,
      5.0,
      5.0,
      1.0,
      3.6666666666666665
    ],
    "stds": [
      0.4714045207910317,
      0.0,
      0.0,
      0.0,
      0.9428090415820634,
      0.0,
      0.0,
      0.0,
      0.0,
      0.9428090415820634
    ],
    "consistency": 0.882148869802242
  },
  "casual_chat": {
    "ratings": [
      [
        3,
        2,
        2,
        2,
        2,
        5,
        2,
        2,
        2,
        3
      ],
      [
        3,
        2,
        2,
        2,
        2,
        5,
        2,
        2,
        1,
        2
      ],
      [
        3,
        2,
        2,
        2,
        2,
        5,
        2,
        2,
        1,
        2
      ]
    ],
    "means": [
      3.0,
      2.0,
      2.0,
      2.0,
      2.0,
      5.0,
      2.0,
      2.0,
      1.3333333333333333,
      2.3333333333333335
    ],
    "stds": [
      0.0,
      0.0,
      0.0,
      0.0,
      0.0,
      0.0,
      0.0,
      0.0,
      0.4714045207910317,
      0.4714045207910317
    ],
    "consistency": 0.9528595479208968
  },
  "legal_contract": {
    "ratings": [
      [
        4,
        5,
        5,
        5,
        5,
        5,
        5,
        3,
        2,
        5
      ],
      [
        4,
        5,
        5,
        5,
        5,
        5,
        5,
        3,
        2,
        5
      ],
      [
        4,
        5,
        5,
        5,
        5,
        5,
        5,
        3,
        1,
        5
      ]
    ],
    "means": [
      4.0,
      5.0,
      5.0,
      5.0,
      5.0,
      5.0,
      5.0,
      3.0,
      1.6666666666666667,
      5.0
    ],
    "stds": [
      0.0,
      0.0,
      0.0,
      0.0,
      0.0,
      0.0,
      0.0,
      0.0,
      0.4714045207910317,
      0.0
    ],
    "consistency": 0.9764297739604484
  },
  "poetry": {
    "ratings": [
      [
        4,
        2,
        2,
        3,
        2,
        5,
        3,
        2,
        2,
        3
      ],
      [
        4,
        2,
        2,
        3,
        2,
        5,
        3,
        2,
        1,
        3
      ],
      [
        4,
        2,
        2,
        3,
        2,
        5,
        3,
        2,
        1,
        3
      ]
    ],
    "means": [
      4.0,
      2.0,
      2.0,
      3.0,
      2.0,
      5.0,
      3.0,
      2.0,
      1.3333333333333333,
      3.0
    ],
    "stds": [
      0.0,
      0.0,
      0.0,
      0.0,
      0.0,
      0.0,
      0.0,
      0.0,
      0.4714045207910317,
      0.0
    ],
    "consistency": 0.9764297739604484
  },
  "code_comment": {
    "ratings": [
      [
        4,
        5,
        5,
        5,
        5,
        5,
        5,
        5,
        2,
        5
      ],
      [
        4,
        5,
        5,
        5,
        5,
        5,
        5,
        5,
        2,
        5
      ],
      [
        4,
        5,
        5,
        5,
        5,
        5,
        5,
        5,
        2,
        5
      ]
    ],
    "means": [
      4.0,
      5.0,
      5.0,
      5.0,
      5.0,
      5.0,
      5.0,
      5.0,
      2.0,
      5.0
    ],
    "stds": [
      0.0,
      0.0,
      0.0,
      0.0,
      0.0,
      0.0,
      0.0,
      0.0,
      0.0,
      0.0
    ],
    "consistency": 1.0
  }
}